customer_id,name,city,email
1,Alfred Kane, _Seattle,user1@example.com
2,Samuel Scott, _Seattle,user2@example.com
3,Susan Patton, _Boston,user3@example.com
4,Michael Blackwell,_New York,user4@example.com
5,Nicole Olson, _San Francisco,user5@example.com
6,Dalton Garcia, _Los Angeles,user6@example.com
7,Louis Carroll, _New York,user7@example.com
8,Robert Cline,_San Francisco,user8@example.com
9,Stephen Schwartz, _San Francisco,user9@example.com
10,Robert Brown,_Seattle,user10@example.com
11,Laura Mendoza, _Los Angeles,user11@example.com
12,Marcus Wagner, _San Francisco,user12@example.com
13,David Diaz,_New York,user13@example.com
14,William Cox,_Boston,user14@example.com
15,Amanda Floyd, _Miami,user15@example.com
16,Rhonda Finley,_Boston,user16@example.com
17,Justin Lopez, _Miami,user17@example.com
18,Kathleen Smith, _Los Angeles,user18@example.com
19,Jade Alexander,_Miami,user19@example.com
20,Amanda Gill,_New York,user20@example.com
21,Daniel Crawford, _San Francisco,user21@example.com
22,Scott Fox, _Los Angeles,user22@example.com
23,Dr. Brittany Jennings,_Miami,user23@example.com
24,Valerie Ho,_San Francisco,user24@example.com
25,Valerie Collins,_Miami,user25@example.com
26,Derek Lynch, _Seattle,user26@example.com
27,Adam Robinson, _Seattle,user27@example.com
28,Jennifer Martinez,_Miami,user28@example.com
29,Stephanie Barnett,_Boston,user29@example.com
30,Karen Larson, _Los Angeles,user30@example.com
31,Donald Sharp,_Seattle,user31@example.com
32,Dawn Cannon,_Boston,user32@example.com
33,Kelsey Wilson,_Boston,user33@example.com
34,Valerie Carter,_Seattle,user34@example.com
35,Sarah Ryan, _Seattle,user35@example.com
36,David Mccall, _Seattle,user36@example.com
37,Darlene Martinez, _Seattle,user37@example.com
38,Luis Orr,_Los Angeles,user38@example.com
39,Robert Johnson,_Seattle,user39@example.com
40,Nicole Lopez,_Boston,user40@example.com
41,Katrina Flores, _New York,user41@example.com
42,Jacob Krause,_New York,user42@example.com
43,Mr. Thomas Cox, _Los Angeles,user43@example.com
44,Samantha Turner,_Boston,user44@example.com
45,Taylor Boyer,_San Francisco,user45@example.com
46,Bryan Richardson, _Miami,user46@example.com
47,Angela Johnson,_Los Angeles,user47@example.com
48,Deborah Contreras,_Seattle,user48@example.com
49,Angela Tucker, _Miami,user49@example.com
50,Alyssa Dixon,_Seattle,user50@example.com
51,Michael Vasquez,_Miami,user51@example.com
52,Gregory Hammond,_Los Angeles,user52@example.com
53,Brandy Robinson,_Los Angeles,user53@example.com
54,William Morales,_Boston,user54@example.com
55,Taylor Mullins,_New York,user55@example.com
56,Michael Lopez, _New York,user56@example.com
57,Rachel Thompson,_Boston,user57@example.com
58,Michael Flowers,_Los Angeles,user58@example.com
59,Anthony Smith,_Los Angeles,user59@example.com
60,Monica Kelly,_Los Angeles,user60@example.com
61,Matthew Richards,_San Francisco,user61@example.com
62,Carrie Lloyd,_New York,user62@example.com
63,Jennifer Graham,_New York,user63@example.com
64,Kara Maldonado,_San Francisco,user64@example.com
65,Christine Huff,_Seattle,user65@example.com
66,Mark Maynard,_Miami,user66@example.com
67,Taylor Lowe, _Los Angeles,user67@example.com
68,Richard Hancock,_Seattle,user68@example.com
69,Jason Barrett,_Miami,user69@example.com
70,Jeffrey Kelly,_Boston,user70@example.com
71,Alexis Clark,_New York,user71@example.com
72,Linda Wilson,_Miami,user72@example.com
73,Amanda Colon,_San Francisco,user73@example.com
74,Andrew Wood,_Boston,user74@example.com
75,Dawn Rogers,_Boston,user75@example.com
76,Cheryl Trujillo,_San Francisco,user76@example.com
77,Dwayne Nguyen,_San Francisco,user77@example.com
78,Preston Baker, _New York,user78@example.com
79,Paul Patterson,_Miami,user79@example.com
80,Lawrence Hunter, _Miami,user80@example.com
81,Jesse Ramos,_Boston,user81@example.com
82,Maurice Jones, _New York,user82@example.com
83,Robert Colon,_Los Angeles,user83@example.com
84,David Jackson,_San Francisco,user84@example.com
85,Sarah Garrison,_Boston,user85@example.com
86,John Ford, _San Francisco,user86@example.com
87,Joseph Burgess,_San Francisco,user87@example.com
88,Timothy Sandoval,_Los Angeles,user88@example.com
89,Angel Davis,_San Francisco,user89@example.com
90,Mark Stevenson, _Seattle,user90@example.com
91,Elizabeth Howard,_Miami,user91@example.com
92,Jenna Reyes,_Seattle,user92@example.com
93,Morgan Boone,_Los Angeles,user93@example.com
94,Anthony Bradshaw, _Los Angeles,user94@example.com
95,Kevin Ryan, _Boston,user95@example.com
96,Donna Scott,_New York,user96@example.com
97,Taylor Tran,_Boston,user97@example.com
98,Julie Gardner, _New York,user98@example.com
99,Elizabeth Lawrence, _Seattle,user99@example.com
100,Kaylee Yates,_New York,user100@example.com
101,Elizabeth Preston, _Miami,user101@example.com
102,Taylor Watkins, _Boston,user102@example.com
103,Joseph Michael, _Los Angeles,user103@example.com
104,Kyle Moran,_Boston,user104@example.com
105,Larry Flores,_San Francisco,user105@example.com
106,Laura White,_Boston,user106@example.com
107,Carmen Shaw, _Los Angeles,user107@example.com
108,James Thompson,_New York,user108@example.com
109,Dennis Short,_Miami,user109@example.com
110,Jose Howard,_Los Angeles,user110@example.com
111,Jeffrey Bates,_New York,user111@example.com
112,Steven Francis, _Seattle,user112@example.com
113,Joshua Lester,_Los Angeles,user113@example.com
114,Shannon Wilson, _New York,user114@example.com
115,Richard Jones,_Boston,user115@example.com
116,David Jackson,_Boston,user116@example.com
117,Peter Hicks,_Miami,user117@example.com
118,Evan Gonzalez,_New York,user118@example.com
119,Hunter Curry, _San Francisco,user119@example.com
120,Karen Jones,_Seattle,user120@example.com
121,Ralph Martin,_New York,user121@example.com
122,Kathy Perez, _Boston,user122@example.com
123,Ryan Gonzalez,_Los Angeles,user123@example.com
124,Timothy Cantrell,_Los Angeles,user124@example.com
125,James Johnson,_Boston,user125@example.com
126,Angel Wilson DDS, _Los Angeles,user126@example.com
127,Christy Alexander, _Los Angeles,user127@example.com
128,Kelly Hernandez,_Seattle,user128@example.com
129,Miss Meghan Davis DVM,_San Francisco,user129@example.com
130,Christopher Reed, _Los Angeles,user130@example.com
131,Rebecca Anderson, _Miami,user131@example.com
132,Danielle Andrews,_New York,user132@example.com
133,David Gross DDS, _San Francisco,user133@example.com
134,Jordan Hunt, _Miami,user134@example.com
135,Marc Lopez,_San Francisco,user135@example.com
136,Jeffrey Cummings, _San Francisco,user136@example.com
137,Christopher Gonzalez, _San Francisco,user137@example.com
138,Michael Thompson, _Boston,user138@example.com
139,John Gates,_New York,user139@example.com
140,Katie Holmes,_Boston,user140@example.com
141,Sarah Shields, _San Francisco,user141@example.com
142,Anthony Hernandez, _San Francisco,user142@example.com
143,Denise Cantu,_New York,user143@example.com
144,Caleb Navarro,_San Francisco,user144@example.com
145,Adam Lee MD,_Miami,user145@example.com
146,Ryan Nichols,_Boston,user146@example.com
147,William Leon, _Miami,user147@example.com
148,Tina Moran, _Los Angeles,user148@example.com
149,Preston Hart, _Seattle,user149@example.com
150,Maria Velasquez,_Miami,user150@example.com
151,Andrea Keller, _New York,user151@example.com
152,Hunter Ellison,_San Francisco,user152@example.com
153,Megan Johnson, _New York,user153@example.com
154,James Williams,_Boston,user154@example.com
155,Matthew Wilson,_Boston,user155@example.com
156,Diana Wallace,_New York,user156@example.com
157,Andrew Carter, _Miami,user157@example.com
158,Michelle Cruz,_Los Angeles,user158@example.com
159,Kayla Short,_Seattle,user159@example.com
160,Jorge Ray,_Seattle,user160@example.com
161,Catherine Thornton,_Seattle,user161@example.com
162,Janice Walker,_Miami,user162@example.com
163,Mary Williams,_New York,user163@example.com
164,Christopher Johnson, _Boston,user164@example.com
165,Lauren Garcia,_New York,user165@example.com
166,Kim Summers, _Boston,user166@example.com
167,Molly Martinez, _San Francisco,user167@example.com
168,Lindsey Medina, _Miami,user168@example.com
169,April Matthews,_Seattle,user169@example.com
170,Joseph Andrews,_San Francisco,user170@example.com
171,Mr. Mark Turner DVM, _New York,user171@example.com
172,Kathleen Madden,_Los Angeles,user172@example.com
173,Ryan Nguyen, _New York,user173@example.com
174,Lauren Santiago,_Boston,user174@example.com
175,Robert Henderson, _Miami,user175@example.com
176,Jonathan Johnson,_Los Angeles,user176@example.com
177,Albert Clark,_Los Angeles,user177@example.com
178,Tony Stevens, _New York,user178@example.com
179,Kimberly Hayes,_Seattle,user179@example.com
180,Jennifer Williams, _San Francisco,user180@example.com
181,Matthew Black,_Miami,user181@example.com
182,Margaret Palmer,_Boston,user182@example.com
183,Anthony James,_New York,user183@example.com
184,Laura Hernandez,_New York,user184@example.com
185,Colleen Suarez,_Boston,user185@example.com
186,Jordan Riley, _Seattle,user186@example.com
187,Gina Jackson,_San Francisco,user187@example.com
188,Megan Baker,_Los Angeles,user188@example.com
189,Amy Morris, _Seattle,user189@example.com
190,George Davis,_Boston,user190@example.com
191,Monica Sosa,_Boston,user191@example.com
192,Lisa Hall, _New York,user192@example.com
193,Daniel Russell,_Miami,user193@example.com
194,Robert Cooke,_Los Angeles,user194@example.com
195,Christina Scott,_Seattle,user195@example.com
196,Mr. Andrew Carlson, _Miami,user196@example.com
197,Timothy Phillips, _Seattle,user197@example.com
198,Danielle Brown DDS,_New York,user198@example.com
199,Frederick Morris, _Boston,user199@example.com
200,Deborah Stephenson,_Los Angeles,user200@example.com
201,Dr. Matthew Ray, _Boston,user201@example.com
202,Debbie Pearson, _Seattle,user202@example.com
203,Philip Griffin, _Miami,user203@example.com
204,Allison Garrison,_New York,user204@example.com
205,Joseph Richardson,_Miami,user205@example.com
206,Claudia Ward,_San Francisco,user206@example.com
207,Jenny Myers,_San Francisco,user207@example.com
208,Mark Jones, _New York,user208@example.com
209,John Morales, _Miami,user209@example.com
210,David Rodriguez, _Miami,user210@example.com
211,Kathryn Johnson,_San Francisco,user211@example.com
212,Edward Powell,_Seattle,user212@example.com
213,Benjamin Williams,_Los Angeles,user213@example.com
214,Dawn Palmer, _San Francisco,user214@example.com
215,Desiree Wilson MD, _San Francisco,user215@example.com
216,Jonathan Williams,_New York,user216@example.com
217,John Martin,_New York,user217@example.com
218,Kelly Bennett,_San Francisco,user218@example.com
219,Justin Dunn,_Seattle,user219@example.com
220,Michelle Anderson,_Boston,user220@example.com
221,Arthur Williams,_New York,user221@example.com
222,Bradley Mccormick,_Miami,user222@example.com
223,Meredith Wall,_Seattle,user223@example.com
224,Joshua Chavez,_Seattle,user224@example.com
225,Mary Grant,_San Francisco,user225@example.com
226,Kevin Ramsey,_Los Angeles,user226@example.com
227,Edward Smith, _Seattle,user227@example.com
228,Johnny Bright, _Boston,user228@example.com
229,Daniel Savage,_Seattle,user229@example.com
230,Cody Williams,_Seattle,user230@example.com
231,Christian Tucker,_Boston,user231@example.com
232,Hayley Olson,_Miami,user232@example.com
233,Manuel Robinson,_New York,user233@example.com
234,Susan Pierce,_Boston,user234@example.com
235,Johnathan Kim,_San Francisco,user235@example.com
236,Kaylee Castillo MD,_Miami,user236@example.com
237,Kenneth Vega,_Los Angeles,user237@example.com
238,Angela Warner,_San Francisco,user238@example.com
239,Sarah Hodges, _Seattle,user239@example.com
240,Erin Kelley, _New York,user240@example.com
241,Adam Garza,_Seattle,user241@example.com
242,Kristen Williams, _Miami,user242@example.com
243,Tommy Hart DDS,_Boston,user243@example.com
244,Shawn Davis,_Boston,user244@example.com
245,Laura Smith, _Boston,user245@example.com
246,Jason Ramos,_Boston,user246@example.com
247,Charles Horne,_San Francisco,user247@example.com
248,Jose Carpenter,_New York,user248@example.com
249,Robert Wilson,_Seattle,user249@example.com
250,Sarah Mckenzie,_Seattle,user250@example.com
251,Shawna Fuller,_Los Angeles,user251@example.com
252,Jason Morrison,_Boston,user252@example.com
253,Dawn Shannon,_New York,user253@example.com
254,Shannon Perry,_New York,user254@example.com
255,Christopher Brown, _Boston,user255@example.com
256,Jose Riggs,_Seattle,user256@example.com
257,Joseph Rivera,_New York,user257@example.com
258,Shawn Carter,_New York,user258@example.com
259,Monica Olson,_Los Angeles,user259@example.com
260,Edwin Mendez,_San Francisco,user260@example.com
261,Nicole Ray,_Los Angeles,user261@example.com
262,Kristin Kim,_Seattle,user262@example.com
263,Stephanie Schroeder,_Los Angeles,user263@example.com
264,James Bauer,_San Francisco,user264@example.com
265,Mr. Stephen Blair III,_Boston,user265@example.com
266,Jose Clark,_Los Angeles,user266@example.com
267,Cathy Olson,_Boston,user267@example.com
268,Nicholas Russo,_Miami,user268@example.com
269,Andrea Burns,_San Francisco,user269@example.com
270,Kyle Espinoza, _Boston,user270@example.com
271,Joshua Collins,_New York,user271@example.com
272,Bryan Freeman, _Boston,user272@example.com
273,Alexis Flowers,_Miami,user273@example.com
274,Samuel Salinas, _New York,user274@example.com
275,Steven Wright,_Boston,user275@example.com
276,Michael Shepard,_Boston,user276@example.com
277,Krista Cruz,_New York,user277@example.com
278,Rachel White,_Miami,user278@example.com
279,Crystal Ramirez, _Los Angeles,user279@example.com
280,Barbara White,_Los Angeles,user280@example.com
281,Melissa Evans,_San Francisco,user281@example.com
282,Gregory Rollins,_New York,user282@example.com
283,Amber Diaz,_San Francisco,user283@example.com
284,Michael Bennett,_New York,user284@example.com
285,Heather Pierce,_Miami,user285@example.com
286,Matthew Anderson,_Los Angeles,user286@example.com
287,Troy Morris,_Seattle,user287@example.com
288,Gregory Parker,_San Francisco,user288@example.com
289,Kristin Hill, _Los Angeles,user289@example.com
290,Diana Mccoy,_Los Angeles,user290@example.com
291,Dr. Sandra Weaver MD,_Los Angeles,user291@example.com
292,Jessica Manning,_Seattle,user292@example.com
293,Theresa Brown, _Seattle,user293@example.com
294,Mr. Bradley Jennings Jr.,_Los Angeles,user294@example.com
295,Daniel Garcia,_San Francisco,user295@example.com
296,Melissa Smith,_Los Angeles,user296@example.com
297,Dana Nguyen, _Seattle,user297@example.com
298,James Lawrence,_Seattle,user298@example.com
299,Amber Rivers, _Los Angeles,user299@example.com
300,Zachary Cross,_Miami,user300@example.com
301,Thomas Gill,_Boston,user301@example.com
302,John Gallegos,_Miami,user302@example.com
303,Jacob Blackwell, _Los Angeles,user303@example.com
304,Christopher Duncan, _Los Angeles,user304@example.com
305,Robert Johns,_New York,user305@example.com
306,Jessica Davenport,_Seattle,user306@example.com
307,Kristen Ford, _Miami,user307@example.com
308,Preston Burns,_New York,user308@example.com
309,Mary White, _Seattle,user309@example.com
310,William Santos,_New York,user310@example.com
311,Brooke Cabrera,_Boston,user311@example.com
312,Glenn Martin, _San Francisco,user312@example.com
313,Amber Hodges,_Boston,user313@example.com
314,Barbara Woodward,_New York,user314@example.com
315,Katie Moore,_Boston,user315@example.com
316,Andrea Riley,_Miami,user316@example.com
317,Victoria Sullivan,_Boston,user317@example.com
318,Travis Tyler,_Seattle,user318@example.com
319,Samuel Snyder,_Boston,user319@example.com
320,Clinton Cruz,_New York,user320@example.com
321,Eric Roy,_Miami,user321@example.com
322,Thomas Ramirez,_Los Angeles,user322@example.com
323,Ruben Jackson, _Seattle,user323@example.com
324,Christopher Gill,_San Francisco,user324@example.com
325,Joshua Phelps, _Seattle,user325@example.com
326,Natasha Harris,_Seattle,user326@example.com
327,Mr. Russell Henderson,_Seattle,user327@example.com
328,Brian Perry,_New York,user328@example.com
329,Allen Greene,_San Francisco,user329@example.com
330,Spencer Estrada,_Miami,user330@example.com
331,Sarah Lucas,_Seattle,user331@example.com
332,Victoria Roberts,_San Francisco,user332@example.com
333,Douglas Lawrence,_New York,user333@example.com
334,Edward Villarreal, _Los Angeles,user334@example.com
335,Karen Hunt,_Miami,user335@example.com
336,Brandi Ruiz,_Los Angeles,user336@example.com
337,Dr. Glen Brown, _Los Angeles,user337@example.com
338,Julie Dean,_San Francisco,user338@example.com
339,Daniel Murphy,_Miami,user339@example.com
340,Timothy Miller,_San Francisco,user340@example.com
341,Raymond Gonzalez,_Los Angeles,user341@example.com
342,Ana Rivera,_Seattle,user342@example.com
343,Brian Miles,_Miami,user343@example.com
344,Alex Harding, _New York,user344@example.com
345,Christian Williams, _Los Angeles,user345@example.com
346,Timothy Crawford,_Los Angeles,user346@example.com
347,Kimberly Adams,_Seattle,user347@example.com
348,Amanda Thompson,_New York,user348@example.com
349,Robert Smith, _Miami,user349@example.com
350,Mary Johnson,_Boston,user350@example.com
351,Ashley Knox,_Miami,user351@example.com
352,Andrew Gates,_San Francisco,user352@example.com
353,Danielle Baldwin,_Miami,user353@example.com
354,Christopher Patterson,_San Francisco,user354@example.com
355,Daniel Grant, _New York,user355@example.com
356,Ryan Smith,_Los Angeles,user356@example.com
357,Caitlin Huynh,_Boston,user357@example.com
358,Amy Ramirez,_Seattle,user358@example.com
359,Melissa Turner,_Los Angeles,user359@example.com
360,Mark Wright, _New York,user360@example.com
361,Amanda Duarte,_Los Angeles,user361@example.com
362,Carolyn Acevedo,_Miami,user362@example.com
363,Linda Miller,_Miami,user363@example.com
364,Stacey Rodriguez,_San Francisco,user364@example.com
365,Kayla Roberson,_Seattle,user365@example.com
366,Pamela Baker,_Miami,user366@example.com
367,Gregory Arnold,_Miami,user367@example.com
368,Bruce Richards, _Boston,user368@example.com
369,Samantha Richardson,_Boston,user369@example.com
370,Bryan Velasquez,_Seattle,user370@example.com
371,Donna Moore, _Seattle,user371@example.com
372,Dustin Lane,_Boston,user372@example.com
373,Noah Castaneda,_Miami,user373@example.com
374,Regina Walker,_San Francisco,user374@example.com
375,Elizabeth Calderon,_New York,user375@example.com
376,Rose Cabrera, _Miami,user376@example.com
377,Tonya Peterson,_Boston,user377@example.com
378,Brendan Flowers,_Seattle,user378@example.com
379,Danny May, _Miami,user379@example.com
380,Dr. Erica Johnson,_New York,user380@example.com
381,Andrea Lopez,_Seattle,user381@example.com
382,Linda Cardenas,_Seattle,user382@example.com
383,Dana Fleming, _Los Angeles,user383@example.com
384,Robert Watkins,_New York,user384@example.com
385,Michael Riggs,_Los Angeles,user385@example.com
386,Sandra Thomas, _Miami,user386@example.com
387,Morgan Taylor, _New York,user387@example.com
388,Joseph Johns, _Los Angeles,user388@example.com
389,Ronald Carey,_New York,user389@example.com
390,Joyce Wilson,_New York,user390@example.com
391,Jacob Rhodes, _Seattle,user391@example.com
392,Clifford Taylor,_Boston,user392@example.com
393,David Hebert, _Miami,user393@example.com
394,Shannon Kane, _Boston,user394@example.com
395,Angela Guerrero,_Los Angeles,user395@example.com
396,Timothy Black, _San Francisco,user396@example.com
397,Courtney Martin,_San Francisco,user397@example.com
398,Kimberly Robinson, _Los Angeles,user398@example.com
399,Nicholas Wilson,_San Francisco,user399@example.com
400,Michelle Carter,_Miami,user400@example.com
401,Susan Kaiser,_New York,user401@example.com
402,John Warner, _Seattle,user402@example.com
403,Joshua Guerra,_Boston,user403@example.com
404,James Rodriguez,_Miami,user404@example.com
405,Dr. Victoria Knight, _Boston,user405@example.com
406,William Gibson, _San Francisco,user406@example.com
407,Steven Steele,_New York,user407@example.com
408,Rachel Parker,_Seattle,user408@example.com
409,Robin Fisher, _Miami,user409@example.com
410,Michelle Bailey,_Miami,user410@example.com
411,Dawn Russo,_Seattle,user411@example.com
412,Meagan Conway,_New York,user412@example.com
413,Dillon Jackson,_Miami,user413@example.com
414,Ricardo Stout,_Seattle,user414@example.com
415,Christopher Adams,_Boston,user415@example.com
416,Kristy Charles, _San Francisco,user416@example.com
417,Kristi Rodriguez,_Boston,user417@example.com
418,Mitchell Baker, _Boston,user418@example.com
419,Eric Velasquez,_Boston,user419@example.com
420,Rebecca Pierce,_San Francisco,user420@example.com
421,Richard Ortiz,_San Francisco,user421@example.com
422,April Martin, _Los Angeles,user422@example.com
423,Kelly Brooks,_Seattle,user423@example.com
424,Ronnie Torres,_Los Angeles,user424@example.com
425,Daniel Mitchell,_San Francisco,user425@example.com
426,Gabriel Conner, _Los Angeles,user426@example.com
427,Susan Brown,_New York,user427@example.com
428,Nathan Williams MD,_Seattle,user428@example.com
429,Joshua Butler, _Miami,user429@example.com
430,Victoria Brown,_Boston,user430@example.com
431,Justin Ruiz,_San Francisco,user431@example.com
432,Jeanette Smith,_New York,user432@example.com
433,Brianna Perry,_Seattle,user433@example.com
434,Ryan Williams, _San Francisco,user434@example.com
435,Cole Byrd,_Boston,user435@example.com
436,Joseph Fuentes,_Seattle,user436@example.com
437,Gerald Roy, _Miami,user437@example.com
438,Jason Henderson,_San Francisco,user438@example.com
439,Maria Hernandez,_Los Angeles,user439@example.com
440,Alan Andrews,_Los Angeles,user440@example.com
441,Mitchell Roberts,_Miami,user441@example.com
442,Curtis Lara,_New York,user442@example.com
443,Maria Peterson,_Miami,user443@example.com
444,Ryan Contreras, _Los Angeles,user444@example.com
445,Frank Spencer,_Los Angeles,user445@example.com
446,Virginia Rogers, _San Francisco,user446@example.com
447,Timothy Thomas,_New York,user447@example.com
448,Regina Taylor, _Miami,user448@example.com
449,David Clark,_Los Angeles,user449@example.com
450,Kaitlyn Becker,_New York,user450@example.com
451,Jonathan Brooks,_San Francisco,user451@example.com
452,Linda Martinez, _New York,user452@example.com
453,Dorothy Davies,_Miami,user453@example.com
454,Matthew Wise,_Los Angeles,user454@example.com
455,Jeffrey Martinez, _New York,user455@example.com
456,Bryce Jones, _San Francisco,user456@example.com
457,Kelly Bird,_Miami,user457@example.com
458,Kenneth Berry,_Seattle,user458@example.com
459,Bryan Gray,_New York,user459@example.com
460,Allison Hill,_San Francisco,user460@example.com
461,Mrs. Ashley Powell DVM, _Seattle,user461@example.com
462,Adam Harris, _San Francisco,user462@example.com
463,Alexandria Harris, _Los Angeles,user463@example.com
464,Daniel Martinez,_New York,user464@example.com
465,Jon Jones,_New York,user465@example.com
466,Ronald Martinez,_Boston,user466@example.com
467,Kimberly Wells, _Seattle,user467@example.com
468,Ashley Rocha, _Seattle,user468@example.com
469,David Hawkins,_Los Angeles,user469@example.com
470,Pedro Vincent,_Boston,user470@example.com
471,Daniel Brown,_Boston,user471@example.com
472,Joshua Mills,_San Francisco,user472@example.com
473,Dr. Sarah Jones,_Boston,user473@example.com
474,Denise Ramirez,_Miami,user474@example.com
475,Ann Martin,_Los Angeles,user475@example.com
476,Phillip Wilson, _San Francisco,user476@example.com
477,Katherine Cunningham, _New York,user477@example.com
478,Ross Tran,_Miami,user478@example.com
479,Robert Sandoval,_San Francisco,user479@example.com
480,Natasha Adams,_Los Angeles,user480@example.com
481,Ryan Knight,_Los Angeles,user481@example.com
482,Lisa Hess,_Miami,user482@example.com
483,Nicole Bailey DVM,_San Francisco,user483@example.com
484,Douglas Schneider,_Miami,user484@example.com
485,John Griffith, _Seattle,user485@example.com
486,Erin Johnson, _Los Angeles,user486@example.com
487,Harry Hatfield, _Los Angeles,user487@example.com
488,Miguel Wright,_Seattle,user488@example.com
489,Richard Nunez,_Los Angeles,user489@example.com
490,Sandra Grimes,_Seattle,user490@example.com
491,Lisa Jones,_Seattle,user491@example.com
492,Brenda Welch,_Los Angeles,user492@example.com
493,Abigail Mcdonald,_Boston,user493@example.com
494,Chase Henry,_San Francisco,user494@example.com
495,Donald Price,_New York,user495@example.com
496,Lisa Shaffer, _Los Angeles,user496@example.com
497,Daniel Allison, _Los Angeles,user497@example.com
498,Zachary Hunt,_Boston,user498@example.com
499,Randy Lynch,_Seattle,user499@example.com
500,Alyssa Obrien,_New York,user500@example.com
501,Samantha Taylor,_Miami,user501@example.com
502,Erin Clark,_Seattle,user502@example.com
503,Lindsey Townsend,_New York,user503@example.com
504,Michelle Cobb,_Seattle,user504@example.com
505,Donna Garcia,_Los Angeles,user505@example.com
506,Joseph Page,_Seattle,user506@example.com
507,Shawn Dyer,_Los Angeles,user507@example.com
508,David Jackson,_New York,user508@example.com
509,Zachary Tate,_Boston,user509@example.com
510,Lisa Moore,_Miami,user510@example.com
511,Stacey Zimmerman, _Seattle,user511@example.com
512,David Lynn,_New York,user512@example.com
513,Grace Walker,_Seattle,user513@example.com
514,Michael Davis, _Los Angeles,user514@example.com
515,Tanya Wilson,_Miami,user515@example.com
516,Alexander Clark,_New York,user516@example.com
517,Ian Turner, _New York,user517@example.com
518,Kristin Curry,_Miami,user518@example.com
519,Rodney Smith,_Boston,user519@example.com
520,Sarah Anderson,_San Francisco,user520@example.com
521,Christy Reed, _Boston,user521@example.com
522,Heidi Johnson,_New York,user522@example.com
523,Haley Perez,_Los Angeles,user523@example.com
524,Brenda Jackson,_Boston,user524@example.com
525,Robert Johnson, _San Francisco,user525@example.com
526,Rhonda Guzman,_Los Angeles,user526@example.com
527,Travis Lynch, _Los Angeles,user527@example.com
528,Brenda Juarez,_New York,user528@example.com
529,Karen Proctor,_Los Angeles,user529@example.com
530,Bradley Henry,_Seattle,user530@example.com
531,Benjamin Henry,_New York,user531@example.com
532,David Holden,_Miami,user532@example.com
533,Dr. Henry Bentley,_Miami,user533@example.com
534,Donna King,_Los Angeles,user534@example.com
535,Thomas Singh,_Los Angeles,user535@example.com
536,Jacob Roman,_Boston,user536@example.com
537,Melanie Griffin, _Los Angeles,user537@example.com
538,Robert Stephens,_Los Angeles,user538@example.com
539,Dominic Snow, _San Francisco,user539@example.com
540,Gordon Brewer, _Seattle,user540@example.com
541,Danny Schmitt,_Seattle,user541@example.com
542,Brandon Mills,_New York,user542@example.com
543,Christine Prince,_Seattle,user543@example.com
544,Stephen Mooney,_New York,user544@example.com
545,Heather Campbell,_Seattle,user545@example.com
546,Timothy Anderson,_Miami,user546@example.com
547,Juan Dunn,_Boston,user547@example.com
548,Stephanie Roberts, _Miami,user548@example.com
549,Alexander Palmer,_Boston,user549@example.com
550,Leah Mcneil,_Seattle,user550@example.com
551,Jonathan Dodson,_Seattle,user551@example.com
552,Michelle York,_Boston,user552@example.com
553,Alicia Benjamin,_Seattle,user553@example.com
554,Alan Villegas,_Miami,user554@example.com
555,Teresa Fields,_New York,user555@example.com
556,Karen Robinson, _Seattle,user556@example.com
557,Claire James,_Miami,user557@example.com
558,Daniel Pacheco, _Los Angeles,user558@example.com
559,Russell Miller,_Boston,user559@example.com
560,Christina Martin,_Miami,user560@example.com
561,Patricia Terrell,_Miami,user561@example.com
562,William Murphy,_Miami,user562@example.com
563,Joseph Haynes,_Los Angeles,user563@example.com
564,Melissa Barker,_Miami,user564@example.com
565,Matthew Stewart,_Miami,user565@example.com
566,Craig Morgan,_Los Angeles,user566@example.com
567,April Rodriguez,_Boston,user567@example.com
568,Denise Adkins,_Boston,user568@example.com
569,Joseph Le,_Seattle,user569@example.com
570,William Flores,_Los Angeles,user570@example.com
571,Cynthia Mejia,_San Francisco,user571@example.com
572,Kelly Richardson, _Los Angeles,user572@example.com
573,Valerie Nguyen, _San Francisco,user573@example.com
574,Kevin Bernard,_Miami,user574@example.com
575,Jeffrey Gardner, _Seattle,user575@example.com
576,Mr. Austin Santiago,_Los Angeles,user576@example.com
577,Michele Schmitt, _Miami,user577@example.com
578,Christina Bates,_Boston,user578@example.com
579,Julie Barrera,_San Francisco,user579@example.com
580,Jose Schultz,_San Francisco,user580@example.com
581,Todd Rivers, _San Francisco,user581@example.com
582,Alexandra Johnson,_New York,user582@example.com
583,Sandra Fritz,_Los Angeles,user583@example.com
584,Megan Zhang,_Miami,user584@example.com
585,Heather Curtis, _New York,user585@example.com
586,Jonathan Salinas,_New York,user586@example.com
587,Julie Brown, _Los Angeles,user587@example.com
588,Claire Galloway,_Boston,user588@example.com
589,Brian Johnson,_Boston,user589@example.com
590,Joann Mcdonald,_Miami,user590@example.com
591,Mark Gutierrez,_Seattle,user591@example.com
592,Rhonda Becker,_San Francisco,user592@example.com
593,Calvin Calhoun,_Seattle,user593@example.com
594,David Jackson,_Los Angeles,user594@example.com
595,Evelyn King,_Los Angeles,user595@example.com
596,Jeffrey Murray, _Miami,user596@example.com
597,Richard Martinez, _Miami,user597@example.com
598,Monique Bell,_Los Angeles,user598@example.com
599,Brandon Jones, _Miami,user599@example.com
600,Pamela Hines,_Seattle,user600@example.com
601,James Jackson,_Seattle,user601@example.com
602,Raymond Garcia, _Los Angeles,user602@example.com
603,Joshua Mora,_New York,user603@example.com
604,Arthur Arias, _Los Angeles,user604@example.com
605,Jeanette Chavez,_Boston,user605@example.com
606,Rebecca Kim,_San Francisco,user606@example.com
607,Daniel Peterson,_New York,user607@example.com
608,Donald Arnold,_Boston,user608@example.com
609,Brittany Perez, _San Francisco,user609@example.com
610,Thomas Porter, _San Francisco,user610@example.com
611,Laura Bell,_Boston,user611@example.com
612,Damon Harper,_Boston,user612@example.com
613,Amy Kelly,_Boston,user613@example.com
614,Bruce Brewer, _San Francisco,user614@example.com
615,Karen Johnson,_Boston,user615@example.com
616,Joshua Griffin, _San Francisco,user616@example.com
617,John Carpenter, _Boston,user617@example.com
618,Michael Smith, _New York,user618@example.com
619,Angela Morris,_Miami,user619@example.com
620,Cynthia Oneal,_Boston,user620@example.com
621,Tracy Grant, _New York,user621@example.com
622,Amanda Davis, _New York,user622@example.com
623,Patricia Cruz,_Los Angeles,user623@example.com
624,Stephanie Griffin, _Seattle,user624@example.com
625,William Abbott,_Los Angeles,user625@example.com
626,Yolanda Lucas,_San Francisco,user626@example.com
627,Paul Mayer,_Los Angeles,user627@example.com
628,Stephen Johnson II, _San Francisco,user628@example.com
629,Jordan Fowler,_Seattle,user629@example.com
630,Christy Valentine,_Los Angeles,user630@example.com
631,Chad Cruz, _New York,user631@example.com
632,Robin Mcdonald,_Los Angeles,user632@example.com
633,Jordan Foster,_Los Angeles,user633@example.com
634,Adam Lee,_Los Angeles,user634@example.com
635,Michael Miller, _Los Angeles,user635@example.com
636,Julie Cline,_New York,user636@example.com
637,Debra Norris, _Boston,user637@example.com
638,Margaret Watson,_Miami,user638@example.com
639,Ann Norris,_San Francisco,user639@example.com
640,Janice Garcia,_Miami,user640@example.com
641,Willie Harrington,_San Francisco,user641@example.com
642,Rachel Garrett,_Los Angeles,user642@example.com
643,Laura Keller, _Los Angeles,user643@example.com
644,Christopher Bonilla, _Seattle,user644@example.com
645,Patricia Gibson,_Seattle,user645@example.com
646,Shawn Lopez,_San Francisco,user646@example.com
647,Colleen Campbell,_Boston,user647@example.com
648,Emily Cabrera,_Boston,user648@example.com
649,Anthony May,_Los Angeles,user649@example.com
650,Gabrielle Stone, _Seattle,user650@example.com
651,Emily Wright,_Los Angeles,user651@example.com
652,Maureen Ford,_Miami,user652@example.com
653,Robin Madden,_Boston,user653@example.com
654,Thomas Melendez, _Los Angeles,user654@example.com
655,Alan Mcgee, _New York,user655@example.com
656,Marilyn Hernandez,_New York,user656@example.com
657,Jennifer Fox,_Miami,user657@example.com
658,Linda Wolfe, _San Francisco,user658@example.com
659,Andrea Ali,_San Francisco,user659@example.com
660,Joseph Clark, _Seattle,user660@example.com
661,Steve Green,_Miami,user661@example.com
662,Ralph Watts,_Los Angeles,user662@example.com
663,James Roberts, _Seattle,user663@example.com
664,Mary Dickson,_Miami,user664@example.com
665,Sergio Daugherty, _Miami,user665@example.com
666,Kathleen Rivas, _San Francisco,user666@example.com
667,Michael Stone,_Seattle,user667@example.com
668,Jay Mitchell,_New York,user668@example.com
669,Bradley Holland,_San Francisco,user669@example.com
670,Tiffany Bates,_Miami,user670@example.com
671,Carolyn Owens,_Los Angeles,user671@example.com
672,Shawn Bentley,_San Francisco,user672@example.com
673,Kristy Lyons,_Seattle,user673@example.com
674,Jason Walker,_San Francisco,user674@example.com
675,Shawn Rivera, _Seattle,user675@example.com
676,Michele George, _Boston,user676@example.com
677,James Henderson,_Miami,user677@example.com
678,Stephanie Garcia, _Miami,user678@example.com
679,Julie Hernandez,_Boston,user679@example.com
680,Christopher Russell, _Los Angeles,user680@example.com
681,Bridget Fernandez,_Seattle,user681@example.com
682,Robyn Dawson, _New York,user682@example.com
683,Tamara Mills, _San Francisco,user683@example.com
684,Richard Rose,_Los Angeles,user684@example.com
685,Michelle Garcia,_Boston,user685@example.com
686,James Smith,_Seattle,user686@example.com
687,Matthew Moore,_San Francisco,user687@example.com
688,Amanda Robles, _New York,user688@example.com
689,Melissa Decker, _San Francisco,user689@example.com
690,Sarah Nielsen, _New York,user690@example.com
691,Cody Acosta,_Seattle,user691@example.com
692,Jim Patterson,_San Francisco,user692@example.com
693,Nathan Cook, _Miami,user693@example.com
694,Christine Ramsey, _San Francisco,user694@example.com
695,Jimmy Henderson, _Los Angeles,user695@example.com
696,Katherine Keller,_Seattle,user696@example.com
697,Kaitlyn Jacobs,_Los Angeles,user697@example.com
698,Rachel Harper, _Miami,user698@example.com
699,Karen Mitchell,_Los Angeles,user699@example.com
700,Christina Brandt, _New York,user700@example.com
701,Jaime Johnson,_Miami,user701@example.com
702,Christopher Turner,_Boston,user702@example.com
703,Colin Bishop,_Miami,user703@example.com
704,Angel Estrada,_New York,user704@example.com
705,Sharon May, _Los Angeles,user705@example.com
706,Lindsey Allen,_Los Angeles,user706@example.com
707,Jordan Lewis,_Boston,user707@example.com
708,Kayla Bishop,_Seattle,user708@example.com
709,Tina Baker,_New York,user709@example.com
710,Clinton Ellison, _Seattle,user710@example.com
711,Karen Simon,_New York,user711@example.com
712,Justin Garcia,_New York,user712@example.com
713,Alan Cisneros,_San Francisco,user713@example.com
714,Katherine Morrison,_Los Angeles,user714@example.com
715,Lauren Miller, _Los Angeles,user715@example.com
716,Yolanda Ferguson, _Los Angeles,user716@example.com
717,Rebecca Stewart, _Miami,user717@example.com
718,Nancy Carr,_San Francisco,user718@example.com
719,Cody Shaw,_Seattle,user719@example.com
720,Mr. Roger Johnson Jr.,_New York,user720@example.com
721,Tony Charles, _New York,user721@example.com
722,William Smith,_San Francisco,user722@example.com
723,James Flores,_New York,user723@example.com
724,Jasmine Watts,_Miami,user724@example.com
725,Sean Landry,_Boston,user725@example.com
726,Dawn Le, _Boston,user726@example.com
727,Judith Moore, _Seattle,user727@example.com
728,Ms. Lisa Holloway, _San Francisco,user728@example.com
729,Billy Richard,_Miami,user729@example.com
730,John Wells,_Seattle,user730@example.com
731,Ryan Thompson, _Boston,user731@example.com
732,Jesse Salazar, _Miami,user732@example.com
733,Robin Miller, _San Francisco,user733@example.com
734,Christopher York, _Seattle,user734@example.com
735,Michelle Browning,_Seattle,user735@example.com
736,Daniel Hill,_San Francisco,user736@example.com
737,Robert Turner,_Los Angeles,user737@example.com
738,Diane Rogers,_San Francisco,user738@example.com
739,Brittney Martinez,_San Francisco,user739@example.com
740,Russell Novak,_Seattle,user740@example.com
741,Valerie Leonard, _Los Angeles,user741@example.com
742,Andre Chase,_Los Angeles,user742@example.com
743,Bryce Miller,_Miami,user743@example.com
744,Douglas Bauer,_Miami,user744@example.com
745,Claudia Adams,_Miami,user745@example.com
746,Thomas Clark, _New York,user746@example.com
747,Emily Jackson, _Miami,user747@example.com
748,Danielle Salazar,_New York,user748@example.com
749,Anne Mack,_San Francisco,user749@example.com
750,Dennis Maldonado,_San Francisco,user750@example.com
751,Sean Reyes,_Seattle,user751@example.com
752,Jared Barnes,_Los Angeles,user752@example.com
753,Edward Gonzalez,_San Francisco,user753@example.com
754,Leah Navarro,_Miami,user754@example.com
755,Maria Humphrey, _San Francisco,user755@example.com
756,Tyler Morgan,_New York,user756@example.com
757,Jennifer Jones,_Miami,user757@example.com
758,Angela Hoover,_New York,user758@example.com
759,Victor Castillo, _Boston,user759@example.com
760,Benjamin Howard,_Seattle,user760@example.com
761,John Powers,_Los Angeles,user761@example.com
762,Erin Ramirez, _San Francisco,user762@example.com
763,Jenny Bush,_Miami,user763@example.com
764,Thomas Perkins,_Los Angeles,user764@example.com
765,Jennifer Scott,_Miami,user765@example.com
766,Debbie Adkins,_New York,user766@example.com
767,Sherry Edwards,_Seattle,user767@example.com
768,Robert George, _Miami,user768@example.com
769,Amanda Barry,_Seattle,user769@example.com
770,Philip Hampton,_Miami,user770@example.com
771,Tammy Noble,_Seattle,user771@example.com
772,James Palmer,_San Francisco,user772@example.com
773,Tyler Rose, _Miami,user773@example.com
774,Stephen Baldwin, _Seattle,user774@example.com
775,Christopher Thompson,_Miami,user775@example.com
776,Johnathan Jones,_Seattle,user776@example.com
777,Kimberly Pruitt, _Los Angeles,user777@example.com
778,Stephanie Smith,_Seattle,user778@example.com
779,Stacey Andrade,_Miami,user779@example.com
780,Frederick Thompson,_Seattle,user780@example.com
781,Alex Carroll,_Boston,user781@example.com
782,Cathy Tapia,_Seattle,user782@example.com
783,Kelly Krueger, _San Francisco,user783@example.com
784,Joseph Bryant,_Seattle,user784@example.com
785,Patricia Murray, _Miami,user785@example.com
786,Crystal Hernandez, _Miami,user786@example.com
787,Eric Walker,_Boston,user787@example.com
788,Jeremy Short, _Los Angeles,user788@example.com
789,April Woodward, _Boston,user789@example.com
790,Mr. Jay Harding,_Miami,user790@example.com
791,Kevin Sanford,_New York,user791@example.com
792,Justin Scott,_San Francisco,user792@example.com
793,Michael Hensley, _San Francisco,user793@example.com
794,Anne Williams,_Miami,user794@example.com
795,Danielle Gutierrez, _San Francisco,user795@example.com
796,Crystal Burgess, _Los Angeles,user796@example.com
797,James Jones,_Boston,user797@example.com
798,Lisa Bridges,_San Francisco,user798@example.com
799,Marcus Andersen,_Boston,user799@example.com
800,Heidi Alvarez,_New York,user800@example.com
801,Samantha Frank,_Seattle,user801@example.com
802,Katherine Simmons,_Los Angeles,user802@example.com
803,Richard Mccoy,_Seattle,user803@example.com
804,Michelle Deleon,_Boston,user804@example.com
805,Destiny Douglas,_Miami,user805@example.com
806,Ann Rodriguez,_Los Angeles,user806@example.com
807,Norman Williams,_Boston,user807@example.com
808,Ryan Mathis,_San Francisco,user808@example.com
809,Sandra Obrien,_Los Angeles,user809@example.com
810,Jason Jones,_Los Angeles,user810@example.com
811,Steven Hodge,_Los Angeles,user811@example.com
812,Susan Harvey,_Boston,user812@example.com
813,Kelly Phillips,_Boston,user813@example.com
814,Jose Nguyen,_New York,user814@example.com
815,Mrs. Heather Martin,_Miami,user815@example.com
816,Matthew Hicks,_New York,user816@example.com
817,Heather Durham,_San Francisco,user817@example.com
818,Tony Carpenter, _Miami,user818@example.com
819,Denise Blanchard, _Boston,user819@example.com
820,Mark Harrison, _San Francisco,user820@example.com
821,Jillian Hamilton, _Los Angeles,user821@example.com
822,Kevin Rogers,_Boston,user822@example.com
823,Sheila Davidson,_Miami,user823@example.com
824,Gregory Charles, _Los Angeles,user824@example.com
825,Brianna Thompson,_San Francisco,user825@example.com
826,Alexander Allison,_Los Angeles,user826@example.com
827,Michelle Short, _Miami,user827@example.com
828,Maria Baker,_Miami,user828@example.com
829,William Martinez,_Seattle,user829@example.com
830,Allen Martin, _Boston,user830@example.com
831,Joshua Chavez,_Miami,user831@example.com
832,Natalie Keith,_Los Angeles,user832@example.com
833,Amanda Hall,_Boston,user833@example.com
834,Christine Cannon,_Los Angeles,user834@example.com
835,Clinton Combs,_New York,user835@example.com
836,Mark Herman, _New York,user836@example.com
837,William King,_Boston,user837@example.com
838,Maria Wright,_Seattle,user838@example.com
839,Hailey Jacobson, _Los Angeles,user839@example.com
840,Laura Watson, _Miami,user840@example.com
841,Mrs. Nancy Brown, _New York,user841@example.com
842,Natalie Cobb,_Los Angeles,user842@example.com
843,Anthony Johns,_San Francisco,user843@example.com
844,Jeffrey Butler,_New York,user844@example.com
845,Morgan Thompson,_Los Angeles,user845@example.com
846,Tom Fisher,_New York,user846@example.com
847,William Evans, _San Francisco,user847@example.com
848,William Perry, _Boston,user848@example.com
849,Jonathan Farmer,_New York,user849@example.com
850,Zachary Davis,_Boston,user850@example.com
851,Michelle Levine,_Boston,user851@example.com
852,Tara Brown,_New York,user852@example.com
853,David Mayer, _Miami,user853@example.com
854,Luis White,_San Francisco,user854@example.com
855,Alexandra Richardson,_San Francisco,user855@example.com
856,Tami Moore,_Los Angeles,user856@example.com
857,Keith Mcconnell,_New York,user857@example.com
858,Daniel Nichols, _Miami,user858@example.com
859,Karen Ward,_New York,user859@example.com
860,Brandi Anderson,_New York,user860@example.com
861,Amanda Riggs,_Seattle,user861@example.com
862,Robert Brooks,_New York,user862@example.com
863,John Garcia,_Seattle,user863@example.com
864,Robin Hill, _Boston,user864@example.com
865,Samantha Collier MD,_San Francisco,user865@example.com
866,Brandon Ramos, _Seattle,user866@example.com
867,Rachel Marsh,_Seattle,user867@example.com
868,Phillip Hernandez,_Seattle,user868@example.com
869,Brianna Clark,_Boston,user869@example.com
870,Aaron Thomas,_New York,user870@example.com
871,Kristin Sharp, _Los Angeles,user871@example.com
872,Charles Nelson, _Boston,user872@example.com
873,Michelle James,_Boston,user873@example.com
874,Manuel Hartman,_Miami,user874@example.com
875,Mr. Austin Walker,_San Francisco,user875@example.com
876,Rhonda Henson,_San Francisco,user876@example.com
877,Adam Ayala,_New York,user877@example.com
878,Peter Reed, _Boston,user878@example.com
879,Jonathan Moran,_New York,user879@example.com
880,Jeanette Gonzalez DDS, _Miami,user880@example.com
881,Christopher Brown,_Miami,user881@example.com
882,Cynthia Rojas,_Los Angeles,user882@example.com
883,Ryan Cook,_Los Angeles,user883@example.com
884,Taylor Diaz,_Boston,user884@example.com
885,Jennifer Benson,_Los Angeles,user885@example.com
886,Claire Schmitt, _San Francisco,user886@example.com
887,Dawn Morris,_New York,user887@example.com
888,Jonathan Brock,_New York,user888@example.com
889,Jeffrey Jensen,_Boston,user889@example.com
890,Fred King, _Miami,user890@example.com
891,Jennifer Martin,_Miami,user891@example.com
892,Jaime Harvey,_Miami,user892@example.com
893,Michael Barnes,_Seattle,user893@example.com
894,Amber Williams,_Seattle,user894@example.com
895,Heather Barrera, _Los Angeles,user895@example.com
896,Eric Lewis,_Miami,user896@example.com
897,Christopher Pearson, _Los Angeles,user897@example.com
898,Kevin Griffin, _New York,user898@example.com
899,Dwayne Rodriguez,_Seattle,user899@example.com
900,Courtney Huber,_San Francisco,user900@example.com
901,Victoria Villarreal, _Seattle,user901@example.com
902,Mr. Kevin Hayes, _New York,user902@example.com
903,Linda Burns,_San Francisco,user903@example.com
904,Daniel Estrada, _Los Angeles,user904@example.com
905,Todd Conner, _New York,user905@example.com
906,Mary Berg,_Seattle,user906@example.com
907,Christine Adams,_Los Angeles,user907@example.com
908,Samantha Acosta,_New York,user908@example.com
909,Kelly Rivera,_Seattle,user909@example.com
910,Luis Cain,_Miami,user910@example.com
911,Roy Simmons,_New York,user911@example.com
912,Kimberly Jackson,_San Francisco,user912@example.com
913,Julie Ward,_Miami,user913@example.com
914,Donna Hernandez,_Boston,user914@example.com
915,Angelica Johnson,_New York,user915@example.com
916,Erin Garcia,_Los Angeles,user916@example.com
917,Angela Moreno, _San Francisco,user917@example.com
918,Charles Pruitt,_Miami,user918@example.com
919,Bonnie Diaz,_Boston,user919@example.com
920,Virginia Reilly,_Miami,user920@example.com
921,Jessica Anderson, _Los Angeles,user921@example.com
922,Michelle Robertson,_Boston,user922@example.com
923,James Gregory, _Los Angeles,user923@example.com
924,Mary Jackson,_Seattle,user924@example.com
925,Nancy Smith,_New York,user925@example.com
926,Vanessa Richardson,_Miami,user926@example.com
927,Laura Carrillo, _Seattle,user927@example.com
928,Paige Garcia, _San Francisco,user928@example.com
929,Michelle Jenkins,_Miami,user929@example.com
930,Tracey Williams,_Seattle,user930@example.com
931,Michelle Quinn,_Seattle,user931@example.com
932,Christina Martin,_Miami,user932@example.com
933,David Flores,_New York,user933@example.com
934,Martin Rogers PhD, _Boston,user934@example.com
935,Sheri Smith, _Los Angeles,user935@example.com
936,Donald Larsen,_San Francisco,user936@example.com
937,Tiffany Allen,_Los Angeles,user937@example.com
938,Eric Walter, _San Francisco,user938@example.com
939,Elizabeth Burke, _New York,user939@example.com
940,Angela Carrillo,_Los Angeles,user940@example.com
941,James Rollins,_Seattle,user941@example.com
942,Anthony Moreno,_Los Angeles,user942@example.com
943,Katie Hunter, _San Francisco,user943@example.com
944,Austin Sullivan,_Miami,user944@example.com
945,Amy Castro,_Los Angeles,user945@example.com
946,Jordan Powell,_San Francisco,user946@example.com
947,Daniel Lucero,_San Francisco,user947@example.com
948,Kelly Carson,_Boston,user948@example.com
949,Andre Johnson Jr.,_Boston,user949@example.com
950,Patricia Cabrera,_New York,user950@example.com
951,Natalie Lozano, _San Francisco,user951@example.com
952,Kelli Nelson, _Boston,user952@example.com
953,Mr. Matthew Wallace III, _Seattle,user953@example.com
954,Gregory Johnson,_San Francisco,user954@example.com
955,Adam Scott, _New York,user955@example.com
956,Anne Holloway,_Seattle,user956@example.com
957,Shawn Beck, _Miami,user957@example.com
958,Brandi Robinson,_Miami,user958@example.com
959,Dylan Daniel,_New York,user959@example.com
960,Erin Jackson,_Boston,user960@example.com
961,Alexander Martinez, _San Francisco,user961@example.com
962,Christine Gibson,_Seattle,user962@example.com
963,Jeffrey Brown,_San Francisco,user963@example.com
964,Jennifer Sanford, _San Francisco,user964@example.com
965,Geoffrey Castro, _New York,user965@example.com
966,Jamie Mitchell,_Seattle,user966@example.com
967,Shannon Adams,_Miami,user967@example.com
968,Thomas Yang,_San Francisco,user968@example.com
969,Norma Wilson, _Seattle,user969@example.com
970,Cindy Washington,_Seattle,user970@example.com
971,Brenda Massey,_Seattle,user971@example.com
972,Joseph Perez, _Los Angeles,user972@example.com
973,Thomas Williams,_Seattle,user973@example.com
974,Jason Pena, _Los Angeles,user974@example.com
975,Kimberly Peters, _New York,user975@example.com
976,Kevin Stone,_Los Angeles,user976@example.com
977,Ashley Smith,_Boston,user977@example.com
978,Brian Wilson,_Boston,user978@example.com
979,Shane Gonzalez,_Seattle,user979@example.com
980,Mary Simmons,_Miami,user980@example.com
981,Mrs. Jessica Guerra,_Boston,user981@example.com
982,Taylor Norton PhD,_San Francisco,user982@example.com
983,William Wall, _Miami,user983@example.com
984,Michelle Carter, _New York,user984@example.com
985,Diane Payne, _Boston,user985@example.com
986,Terri Miller, _New York,user986@example.com
987,Carlos Parks,_Los Angeles,user987@example.com
988,Douglas Schmidt, _Los Angeles,user988@example.com
989,Mary Kim,_Boston,user989@example.com
990,Kelly Lowe,_San Francisco,user990@example.com
991,James Davis,_Boston,user991@example.com
992,Bruce Hernandez,_Los Angeles,user992@example.com
993,Lisa Dunn,_Los Angeles,user993@example.com
994,Jennifer Case,_Miami,user994@example.com
995,Amanda Becker,_New York,user995@example.com
996,Alicia Mack,_San Francisco,user996@example.com
997,Brandi Guerra, _Boston,user997@example.com
998,Kelly Liu, _Miami,user998@example.com
999,Anthony Wilson,_Miami,user999@example.com
1000,Nancy Sellers,_Seattle,user1000@example.com
1001,David Mclaughlin,_Miami,user1001@example.com
1002,Michele Contreras,_New York,user1002@example.com
1003,Cheyenne Taylor,_Miami,user1003@example.com
1004,Daniel Cervantes,_Los Angeles,user1004@example.com
1005,Sheila Williams, _Los Angeles,user1005@example.com
1006,Peter Smith, _San Francisco,user1006@example.com
1007,Joseph Olson, _San Francisco,user1007@example.com
1008,Christina Rhodes,_Los Angeles,user1008@example.com
1009,Jeremy Garner, _San Francisco,user1009@example.com
1010,Evelyn Maxwell,_San Francisco,user1010@example.com
1011,Jill Silva, _New York,user1011@example.com
1012,Chelsea Villanueva,_New York,user1012@example.com
1013,Monica Levy,_Miami,user1013@example.com
1014,Danielle Buck,_Miami,user1014@example.com
1015,Jennifer Graves,_Boston,user1015@example.com
1016,Lynn Lewis,_Los Angeles,user1016@example.com
1017,Stephen Williams, _New York,user1017@example.com
1018,Amy Houston,_Seattle,user1018@example.com
1019,Brandi Ortega,_Los Angeles,user1019@example.com
1020,Amy Ruiz,_Boston,user1020@example.com
1021,Steven Johnson, _San Francisco,user1021@example.com
1022,Edward Murillo,_San Francisco,user1022@example.com
1023,Deanna Young,_Los Angeles,user1023@example.com
1024,David Murphy,_Seattle,user1024@example.com
1025,Jennifer Cook MD,_San Francisco,user1025@example.com
1026,Phillip Mitchell DDS,_San Francisco,user1026@example.com
1027,Terry Humphrey Jr.,_Seattle,user1027@example.com
1028,Jenna Ball,_Los Angeles,user1028@example.com
1029,Bradley Daniels,_Miami,user1029@example.com
1030,Leslie Rogers,_New York,user1030@example.com
1031,Laura Martin,_San Francisco,user1031@example.com
1032,Steven Patterson,_Seattle,user1032@example.com
1033,Thomas Mann, _Seattle,user1033@example.com
1034,Jacqueline Reynolds, _Los Angeles,user1034@example.com
1035,John Porter,_Seattle,user1035@example.com
1036,Julia Morales,_San Francisco,user1036@example.com
1037,Shawn Villarreal, _Seattle,user1037@example.com
1038,Sandra Miller, _Los Angeles,user1038@example.com
1039,Devin Clark,_Seattle,user1039@example.com
1040,Michael Andrade, _Los Angeles,user1040@example.com
1041,Caroline Nunez, _Seattle,user1041@example.com
1042,Christopher Swanson,_San Francisco,user1042@example.com
1043,Deborah Tran, _New York,user1043@example.com
1044,Nicole Gibson,_Los Angeles,user1044@example.com
1045,Joshua Gomez,_Boston,user1045@example.com
1046,Mr. Jason Cook,_Boston,user1046@example.com
1047,Danny Lyons,_San Francisco,user1047@example.com
1048,Joel Cooper,_Seattle,user1048@example.com
1049,Brandy Pratt, _Seattle,user1049@example.com
1050,Gilbert Thompson,_Boston,user1050@example.com
1051,Tyler Rogers,_Seattle,user1051@example.com
1052,Jose Moran,_Los Angeles,user1052@example.com
1053,Nicholas Hayden,_Boston,user1053@example.com
1054,Melissa Williams,_San Francisco,user1054@example.com
1055,Connie Bailey,_Miami,user1055@example.com
1056,Cynthia Gonzales,_Seattle,user1056@example.com
1057,Tanya Hayes, _Seattle,user1057@example.com
1058,Tamara Massey, _Los Angeles,user1058@example.com
1059,Jamie Molina, _Boston,user1059@example.com
1060,John Aguilar, _Miami,user1060@example.com
1061,Carol Martin,_Miami,user1061@example.com
1062,Tonya Gamble, _Seattle,user1062@example.com
1063,Heidi Hawkins,_Seattle,user1063@example.com
1064,Tyler Garcia,_Los Angeles,user1064@example.com
1065,Bill Burgess, _Seattle,user1065@example.com
1066,Michael Baker,_New York,user1066@example.com
1067,James Brown,_San Francisco,user1067@example.com
1068,Gregory Browning,_Los Angeles,user1068@example.com
1069,Michelle Bentley, _Boston,user1069@example.com
1070,Katie Robinson,_Miami,user1070@example.com
1071,Donald Rogers,_New York,user1071@example.com
1072,Kyle Andrade,_Los Angeles,user1072@example.com
1073,Paul Bennett,_Seattle,user1073@example.com
1074,Austin Hernandez,_Boston,user1074@example.com
1075,Sara Grimes,_Miami,user1075@example.com
1076,Jason Jackson, _Seattle,user1076@example.com
1077,Maria Barron,_New York,user1077@example.com
1078,Stephen Walker, _San Francisco,user1078@example.com
1079,Amber Aguirre,_New York,user1079@example.com
1080,Kelsey Allen, _San Francisco,user1080@example.com
1081,Luis Hernandez, _Boston,user1081@example.com
1082,Crystal Powell,_Los Angeles,user1082@example.com
1083,Jeffrey Elliott, _Los Angeles,user1083@example.com
1084,Susan Hansen, _Boston,user1084@example.com
1085,Jennifer Ramos,_San Francisco,user1085@example.com
1086,Mark Blake,_Boston,user1086@example.com
1087,Michael Perry,_Los Angeles,user1087@example.com
1088,Kevin Cox,_Boston,user1088@example.com
1089,John Williamson,_Miami,user1089@example.com
1090,Mr. Ryan Evans, _Seattle,user1090@example.com
1091,Brady Avila,_New York,user1091@example.com
1092,Destiny Scott,_Boston,user1092@example.com
1093,Shelly Bright,_Seattle,user1093@example.com
1094,Timothy Bishop,_New York,user1094@example.com
1095,Jason Robinson,_Boston,user1095@example.com
1096,Christopher Young,_Boston,user1096@example.com
1097,Melissa Hunter,_New York,user1097@example.com
1098,Caitlin Peterson,_Los Angeles,user1098@example.com
1099,David Smith,_Boston,user1099@example.com
1100,Laurie Reynolds,_Miami,user1100@example.com
1101,Jennifer Young, _New York,user1101@example.com
1102,Karen Blevins, _San Francisco,user1102@example.com
1103,William Moon, _Miami,user1103@example.com
1104,Kathleen Martin,_Seattle,user1104@example.com
1105,Christopher Fletcher,_Los Angeles,user1105@example.com
1106,Anthony Harris,_Boston,user1106@example.com
1107,Jason Larson, _Los Angeles,user1107@example.com
1108,Michael Reid,_New York,user1108@example.com
1109,Diana Stanton,_Seattle,user1109@example.com
1110,Joe Ward,_Miami,user1110@example.com
1111,Denise Allen,_New York,user1111@example.com
1112,Craig Burke,_Miami,user1112@example.com
1113,Thomas Weber, _Boston,user1113@example.com
1114,David Erickson,_Seattle,user1114@example.com
1115,Martin Ortiz,_Los Angeles,user1115@example.com
1116,Jose Melton,_New York,user1116@example.com
1117,Derrick Hodge, _New York,user1117@example.com
1118,Mr. Marcus Flores,_Boston,user1118@example.com
1119,Steve Brock, _Boston,user1119@example.com
1120,Christy Nunez, _Los Angeles,user1120@example.com
1121,Timothy Kaiser,_Miami,user1121@example.com
1122,Johnny Archer,_Miami,user1122@example.com
1123,Sandra Arnold, _San Francisco,user1123@example.com
1124,Richard Rogers,_Seattle,user1124@example.com
1125,Madeline Vaughan, _Boston,user1125@example.com
1126,Matthew Farrell,_New York,user1126@example.com
1127,Diane Robertson,_Boston,user1127@example.com
1128,Darius Butler,_San Francisco,user1128@example.com
1129,Olivia Watts,_Seattle,user1129@example.com
1130,Gene Brown, _Seattle,user1130@example.com
1131,Valerie Velazquez,_Miami,user1131@example.com
1132,Terry Marshall, _Boston,user1132@example.com
1133,Patrick Chambers,_Boston,user1133@example.com
1134,Jeremy Johnson,_Los Angeles,user1134@example.com
1135,Scott Woods,_San Francisco,user1135@example.com
1136,Kelly Stewart,_Seattle,user1136@example.com
1137,David Bradley,_Los Angeles,user1137@example.com
1138,Henry Lawson,_Seattle,user1138@example.com
1139,Kim Kennedy,_Boston,user1139@example.com
1140,Mark Bryant,_San Francisco,user1140@example.com
1141,Timothy Pham,_New York,user1141@example.com
1142,Ashley Munoz,_San Francisco,user1142@example.com
1143,Jason Ho,_New York,user1143@example.com
1144,Joseph Williams, _New York,user1144@example.com
1145,William Green,_San Francisco,user1145@example.com
1146,Gina Mccoy,_Boston,user1146@example.com
1147,Nicholas Knight, _Boston,user1147@example.com
1148,Brenda Fletcher,_San Francisco,user1148@example.com
1149,Matthew James, _Seattle,user1149@example.com
1150,Stephen Blackwell,_San Francisco,user1150@example.com
1151,Kathryn Delacruz,_San Francisco,user1151@example.com
1152,Theresa Luna,_New York,user1152@example.com
1153,Misty Davis,_San Francisco,user1153@example.com
1154,Jacqueline Sanders, _San Francisco,user1154@example.com
1155,Zachary Gonzalez,_Los Angeles,user1155@example.com
1156,Michael Watkins,_Miami,user1156@example.com
1157,Jimmy Perry, _Los Angeles,user1157@example.com
1158,Patrick Dennis,_New York,user1158@example.com
1159,Daniel Shaffer, _San Francisco,user1159@example.com
1160,Brenda Cunningham,_Los Angeles,user1160@example.com
1161,Audrey Garcia,_New York,user1161@example.com
1162,Jason Chapman,_New York,user1162@example.com
1163,Tyler Tate,_New York,user1163@example.com
1164,Mary Shields, _Los Angeles,user1164@example.com
1165,David Anderson, _Los Angeles,user1165@example.com
1166,Oscar Jones,_Boston,user1166@example.com
1167,Christian Hogan,_Seattle,user1167@example.com
1168,Richard Bender,_Los Angeles,user1168@example.com
1169,Austin Sandoval,_Los Angeles,user1169@example.com
1170,Clinton Suarez,_Los Angeles,user1170@example.com
1171,Katrina Martin,_Seattle,user1171@example.com
1172,James Torres, _San Francisco,user1172@example.com
1173,Joseph Wright, _Miami,user1173@example.com
1174,Riley Carey,_San Francisco,user1174@example.com
1175,Kevin Brown,_Boston,user1175@example.com
1176,Mark Figueroa,_Boston,user1176@example.com
1177,Alyssa Roman,_New York,user1177@example.com
1178,Karen Paul,_Los Angeles,user1178@example.com
1179,David Ellis,_San Francisco,user1179@example.com
1180,Charles Watkins,_Los Angeles,user1180@example.com
1181,Troy Tran,_Boston,user1181@example.com
1182,April Hernandez, _Boston,user1182@example.com
1183,Leonard Black,_Seattle,user1183@example.com
1184,Elizabeth Hunter,_New York,user1184@example.com
1185,Colleen Hurst,_Los Angeles,user1185@example.com
1186,Joseph Garcia, _New York,user1186@example.com
1187,Nathan Peters, _New York,user1187@example.com
1188,Brian Howell,_New York,user1188@example.com
1189,Julie Williams,_Seattle,user1189@example.com
1190,Christopher Austin, _New York,user1190@example.com
1191,Shari Brewer,_New York,user1191@example.com
1192,Carolyn Cook,_Boston,user1192@example.com
1193,Rodney Weaver, _New York,user1193@example.com
1194,Julie Braun, _Miami,user1194@example.com
1195,Kimberly Abbott,_Seattle,user1195@example.com
1196,Heather Small,_San Francisco,user1196@example.com
1197,Caitlin Gilbert,_Seattle,user1197@example.com
1198,Ethan Hampton,_Boston,user1198@example.com
1199,Jorge Ford,_Boston,user1199@example.com
1200,David George, _San Francisco,user1200@example.com
